,brewery_id,name,city,state,lat,lon,geometry
0,0,NorthGate Brewing ,Minneapolis,MN,44.9799654,-93.2638361,POINT (-93.26383610000001 44.9799654)
1,1,Against the Grain Brewery,Louisville,KY,38.3030813461952,-85.68221911748951,POINT (-85.68221911748951 38.3030813461952)
2,2,Jack's Abby Craft Lagers,Framingham,MA,42.2792625,-71.416172,POINT (-71.416172 42.2792625)
3,3,Mike Hess Brewing Company,San Diego,CA,32.71571,-117.16472,POINT (-117.16472 32.71571)
4,4,Fort Point Beer Company,San Francisco,CA,37.7749295,-122.4194155,POINT (-122.4194155 37.7749295)
5,5,COAST Brewing Company,Charleston,SC,32.7765656,-79.9309216,POINT (-79.9309216 32.7765656)
6,6,Great Divide Brewing Company,Denver,CO,39.7391536,-104.9847034,POINT (-104.9847034 39.7391536)
7,7,Tapistry Brewing,Bridgman,MI,41.9430986,-86.5569659,POINT (-86.55696589999999 41.9430986)
8,8,Big Lake Brewing,Holland,MI,42.7875235,-86.1089301,POINT (-86.10893009999999 42.7875235)
9,9,The Mitten Brewing Company,Grand Rapids,MI,42.9633599,-85.6680863,POINT (-85.6680863 42.9633599)
10,10,Brewery Vivant,Grand Rapids,MI,42.9633599,-85.6680863,POINT (-85.6680863 42.9633599)
11,11,Petoskey Brewing,Petoskey,MI,45.3733428,-84.9553297,POINT (-84.95532969999999 45.3733428)
12,12,Blackrocks Brewery,Marquette,MI,46.5435442,-87.395417,POINT (-87.39541699999999 46.5435442)
13,13,Perrin Brewing Company,Comstock Park,MI,43.0386368,-85.6700332,POINT (-85.67003320000001 43.0386368)
14,14,Witch's Hat Brewing Company,South Lyon,MI,42.46059,-83.6516063,POINT (-83.6516063 42.46059)
15,15,Founders Brewing Company,Grand Rapids,MI,42.9633599,-85.6680863,POINT (-85.6680863 42.9633599)
16,16,Flat 12 Bierwerks,Indianapolis,IN,39.7683765,-86.1580423,POINT (-86.15804230000001 39.7683765)
17,17,Tin Man Brewing Company,Evansville,IN,37.9747644,-87.5558482,POINT (-87.5558482 37.9747644)
18,18,Black Acre Brewing Co.,Indianapolis,IN,39.7683765,-86.1580423,POINT (-86.15804230000001 39.7683765)
19,19,Brew Link Brewing,Plainfield,IN,41.6269745,-88.2039539,POINT (-88.2039539 41.6269745)
20,20,Bare Hands Brewery,Granger,IN,41.7533819,-86.1108377,POINT (-86.1108377 41.7533819)
21,21,Three Pints Brewing,Martinsville,IN,39.4278253,-86.428328,POINT (-86.42832799999999 39.4278253)
22,22,Four Fathers Brewing ,Valparaiso,IN,41.4730948,-87.0611412,POINT (-87.06114119999999 41.4730948)
23,23,Indiana City Brewing,Indianapolis,IN,39.7683765,-86.1580423,POINT (-86.15804230000001 39.7683765)
24,24,Burn 'Em Brewing,Michigan City,IN,41.7075394,-86.8950297,POINT (-86.89502969999999 41.7075394)
25,25,Sun King Brewing Company,Indianapolis,IN,39.7683765,-86.1580423,POINT (-86.15804230000001 39.7683765)
26,26,Evil Czech Brewery,Mishawaka,IN,41.6619927,-86.1586156,POINT (-86.1586156 41.6619927)
27,27,450 North Brewing Company,Columbus,IN,32.4609764,-84.9877094,POINT (-84.9877094 32.4609764)
28,28,Taxman Brewing Company,Bargersville,IN,39.5208818,-86.1677657,POINT (-86.1677657 39.5208818)
29,29,Cedar Creek Brewery,Seven Points,TX,32.3204226,-96.2130315,POINT (-96.2130315 32.3204226)
30,30,SanTan Brewing Company,Chandler,AZ,33.18586574722176,-112.07070114747218,POINT (-112.0707011474722 33.18586574722176)
31,31,Boulevard Brewing Company,Kansas City,MO,39.0997266,-94.5785667,POINT (-94.5785667 39.0997266)
32,32,James Page Brewing Company,Stevens Point,WI,44.5235792,-89.574563,POINT (-89.574563 44.5235792)
33,33,The Dudes' Brewing Company,Torrance,CA,33.8358492,-118.3406288,POINT (-118.3406288 33.8358492)
34,34,Ballast Point Brewing Company,San Diego,CA,32.71571,-117.16472,POINT (-117.16472 32.71571)
35,35,Anchor Brewing Company,San Francisco,CA,37.7749295,-122.4194155,POINT (-122.4194155 37.7749295)
36,36,Figueroa Mountain Brewing Company,Buellton,CA,34.613597,-120.1926505,POINT (-120.1926505 34.613597)
37,37,Avery Brewing Company,Boulder,CO,40.0149856,-105.2705456,POINT (-105.2705456 40.0149856)
38,38,Twisted X Brewing Company,Dripping Springs,TX,30.1902067,-98.0866781,POINT (-98.0866781 30.1902067)
39,39,Gonzo's BiggDogg Brewing,Kalamazoo,MI,42.2917069,-85.5872286,POINT (-85.5872286 42.2917069)
40,40,Big Muddy Brewing,Murphysboro,IL,37.7644952,-89.3350888,POINT (-89.33508879999999 37.7644952)
41,41,Lost Nation Brewing,East Fairfield,VT,44.7844926,-72.8584673,POINT (-72.8584673 44.7844926)
42,42,Rising Tide Brewing Company,Portland,ME,43.65737,-70.2589,POINT (-70.2589 43.65737)
43,43,Rivertowne Brewing Company,Export,PA,40.4181235,-79.625599,POINT (-79.62559899999999 40.4181235)
44,44,Revolution Brewing Company,Chicago,IL,41.850033,-87.6500523,POINT (-87.6500523 41.850033)
45,45,Tallgrass Brewing Company,Manhattan,KS,39.1836082,-96.5716694,POINT (-96.5716694 39.1836082)
46,46,Sixpoint Craft Ales,Brooklyn,NY,40.6501038,-73.9495823,POINT (-73.9495823 40.6501038)
47,47,White Birch Brewing,Hooksett,NH,43.0967495,-71.4650684,POINT (-71.46506840000001 43.0967495)
48,48,Firestone Walker Brewing Company,Paso Robles,CA,35.6266369,-120.6910043,POINT (-120.6910043 35.6266369)
49,49,SweetWater Brewing Company,Atlanta,GA,33.7489954,-84.3879824,POINT (-84.3879824 33.7489954)
50,50,Flying Mouse Brewery,Troutville,VA,37.4181897,-79.8747627,POINT (-79.87476270000001 37.4181897)
51,51,Upslope Brewing Company,Boulder,CO,40.0149856,-105.2705456,POINT (-105.2705456 40.0149856)
52,52,Pipeworks Brewing Company,Chicago,IL,41.850033,-87.6500523,POINT (-87.6500523 41.850033)
53,53,Bent Brewstillery,Roseville,MN,45.0060767,-93.1566107,POINT (-93.1566107 45.0060767)
54,54,Flesk Brewing Company,Lombard,IL,41.8800296,-88.0078435,POINT (-88.00784350000001 41.8800296)
55,55,Pollyanna Brewing Company,Lemont,IL,41.673642,-88.0017261,POINT (-88.0017261 41.673642)
56,56,BuckleDown Brewing,Lyons,IL,41.8050314,-87.8692254,POINT (-87.8692254 41.8050314)
57,57,Destihl Brewery,Bloomington,IL,40.4842027,-88.9936873,POINT (-88.9936873 40.4842027)
58,58,Summit Brewing Company,St. Paul,MN,44.9444101,-93.0932742,POINT (-93.0932742 44.9444101)
59,59,Latitude 42 Brewing Company,Portage,MI,41.6833813,-86.2500066,POINT (-86.25000660000001 41.6833813)
60,60,4 Hands Brewing Company,Saint Louis,MO,38.6272733,-90.1978889,POINT (-90.1978889 38.6272733)
61,61,Surly Brewing Company,Brooklyn Center,MN,45.076076,-93.3327284,POINT (-93.33272839999999 45.076076)
62,62,Against The Grain Brewery,Louisville,KY,38.3030813461952,-85.68221911748951,POINT (-85.68221911748951 38.3030813461952)
63,63,Crazy Mountain Brewing Company,Edwards,CO,39.62782561657971,-106.69529925700375,POINT (-106.6952992570038 39.62782561657971)
64,64,SlapShot Brewing Company,Chicago,IL,41.850033,-87.6500523,POINT (-87.6500523 41.850033)
65,65,Mikerphone Brewing,Chicago,IL,41.850033,-87.6500523,POINT (-87.6500523 41.850033)
66,66,Freetail Brewing Company,San Antonio,TX,29.4241219,-98.4936282,POINT (-98.4936282 29.4241219)
67,67,3 Daughters Brewing,St Petersburg,FL,28.123415643482907,-82.52852989304125,POINT (-82.52852989304125 28.12341564348291)
68,68,Red Shedman Farm Brewery and Hop...,Mount Airy,MD,39.3762145,-77.154704,POINT (-77.154704 39.3762145)
69,69,Appalachian Mountain Brewery,Boone,NC,36.216795,-81.6745517,POINT (-81.67455169999999 36.216795)
70,70,Birdsong Brewing Company,Charlotte,NC,35.2270869,-80.8431268,POINT (-80.84312679999999 35.2270869)
71,71,Union Craft Brewing,Baltimore,MD,39.2903848,-76.6121893,POINT (-76.6121893 39.2903848)
72,72,Atwater Brewery,Detroit,MI,42.331427,-83.0457538,POINT (-83.0457538 42.331427)
73,73,Ale Asylum,Madison,WI,43.0730517,-89.4012302,POINT (-89.4012302 43.0730517)
74,74,Two Brothers Brewing Company,Warrenville,IL,41.817807,-88.1734021,POINT (-88.1734021 41.817807)
75,75,Bent Paddle Brewing Company,Duluth,MN,46.7832731,-92.1065787,POINT (-92.1065787 46.7832731)
76,76,Bell's Brewery,Kalamazoo,MI,42.2917069,-85.5872286,POINT (-85.5872286 42.2917069)
77,77,Blue Owl Brewing,Austin,TX,30.267153,-97.7430608,POINT (-97.74306079999999 30.267153)
78,78,Speakasy Ales & Lagers,San Francisco,CA,37.7749295,-122.4194155,POINT (-122.4194155 37.7749295)
79,79,Black Tooth Brewing Company,Sheridan,WY,44.7971939,-106.9561792,POINT (-106.9561792 44.7971939)
80,80,Hopworks Urban Brewery,Portland,OR,45.5234515,-122.6762071,POINT (-122.6762071 45.5234515)
81,81,Epic Brewing,Denver,CO,39.7391536,-104.9847034,POINT (-104.9847034 39.7391536)
82,82,New Belgium Brewing Company,Fort Collins,CO,40.5852602,-105.084423,POINT (-105.084423 40.5852602)
83,83,Sierra Nevada Brewing Company,Chico,CA,39.7284945,-121.8374777,POINT (-121.8374777 39.7284945)
84,84,Keweenaw Brewing Company,Houghton,MI,47.1682599,-88.4890092,POINT (-88.4890092 47.1682599)
85,85,Brewery Terra Firma,Traverse City,MI,44.7630567,-85.6206317,POINT (-85.6206317 44.7630567)
86,86,Grey Sail Brewing Company,Westerly,RI,41.3775996,-71.8272911,POINT (-71.8272911 41.3775996)
87,87,Kirkwood Station Brewing Company,Kirkwood,MO,38.5833862,-90.406785,POINT (-90.406785 38.5833862)
88,88,Goose Island Brewing Company,Chicago,IL,41.850033,-87.6500523,POINT (-87.6500523 41.850033)
89,89,Broad Brook Brewing LLC,East Windsor,CT,41.8525984,-72.6437022,POINT (-72.64370220000001 41.8525984)
90,90,The Lion Brewery,Wilkes-Barre,PA,41.2459149,-75.8813075,POINT (-75.88130750000001 41.2459149)
91,91,Madtree Brewing Company,Cincinnati,OH,39.12711,-84.51439,POINT (-84.51439000000001 39.12711)
92,92,Jackie O's Pub & Brewery,Athens,OH,39.3292396,-82.1012555,POINT (-82.10125549999999 39.3292396)
93,93,Rhinegeist Brewery,Cincinnati,OH,39.12711,-84.51439,POINT (-84.51439000000001 39.12711)
94,94,Warped Wing Brewing Company,Dayton,OH,39.7589478,-84.1916069,POINT (-84.1916069 39.7589478)
95,95,Blackrocks Brewery,Marquette,MA,46.5435442,-87.395417,POINT (-87.39541699999999 46.5435442)
96,96,Catawba Valley Brewing Company,Morganton,NC,35.7454071,-81.6848188,POINT (-81.6848188 35.7454071)
97,97,Tr√∂egs Brewing Company,Hershey,PA,40.2859239,-76.6502468,POINT (-76.65024680000001 40.2859239)
98,98,Mission Brewery,San Diego,CA,32.71571,-117.16472,POINT (-117.16472 32.71571)
99,99,Christian Moerlein Brewing Company,Cincinnati,OH,39.12711,-84.51439,POINT (-84.51439000000001 39.12711)
100,100,West Sixth Brewing,Lexington,KY,37.9886892,-84.4777153,POINT (-84.4777153 37.9886892)
101,101,Coastal Extreme Brewing Company,Newport,RI,41.4901024,-71.3128285,POINT (-71.31282849999999 41.4901024)
102,102,King Street Brewing Company,Anchorage,AK,61.2180556,-149.9002778,POINT (-149.9002778 61.2180556)
103,103,Beer Works Brewery,Lowell,MA,42.6334247,-71.3161718,POINT (-71.31617180000001 42.6334247)
104,104,Lone Tree Brewing Company,Lone Tree,CO,39.551706503542654,-104.88630294799805,POINT (-104.886302947998 39.55170650354265)
105,105,Four String Brewing Company,Columbus,OH,39.9611755,-82.9987942,POINT (-82.99879420000001 39.9611755)
106,106,Glabrous Brewing Company,Pineland,ME,35.4586822,-84.9038377,POINT (-84.9038377 35.4586822)
107,107,Bonfire Brewing Company,Eagle,CO,39.6402638,-106.3741955,POINT (-106.3741955 39.6402638)
108,108,Thomas Hooker Brewing Company,Bloomfield,CT,41.826488,-72.7300945,POINT (-72.73009450000001 41.826488)
109,109,"Woodstock Inn, Station & Brewery",North Woodstock,NH,43.6242362,-72.5184275,POINT (-72.5184275 43.6242362)
110,110,Renegade Brewing Company,Denver,CO,39.7391536,-104.9847034,POINT (-104.9847034 39.7391536)
111,111,Mother Earth Brew Company,Vista,CA,32.6400541,-117.0841955,POINT (-117.0841955 32.6400541)
112,112,Black Market Brewing Company,Temecula,CA,33.4936391,-117.1483648,POINT (-117.1483648 33.4936391)
113,113,Vault Brewing Company,Yardley,PA,40.245664,-74.8459972,POINT (-74.8459972 40.245664)
114,114,Jailbreak Brewing Company,Laurel,MD,39.0992752,-76.8483061,POINT (-76.8483061 39.0992752)
115,115,Smartmouth Brewing Company,Norfolk,VA,36.8468146,-76.2852183,POINT (-76.2852183 36.8468146)
116,116,Base Camp Brewing Co.,Portland,OR,45.5234515,-122.6762071,POINT (-122.6762071 45.5234515)
117,117,Alameda Brewing,Portland,OR,45.5234515,-122.6762071,POINT (-122.6762071 45.5234515)
118,118,Southern Star Brewing Company,Conroe,TX,30.3118769,-95.4560512,POINT (-95.4560512 30.3118769)
119,119,Steamworks Brewing Company,Durango,CO,37.27528,-107.8800667,POINT (-107.8800667 37.27528)
120,120,Horny Goat Brew Pub,Milwaukee,WI,43.0389025,-87.9064736,POINT (-87.9064736 43.0389025)
121,121,Cheboygan Brewing Company,Cheboygan,MI,45.4729439,-84.492063,POINT (-84.492063 45.4729439)
122,122,Center of the Universe Brewing C...,Ashland,VA,37.7590318,-77.4799837,POINT (-77.47998370000001 37.7590318)
123,123,Ipswich Ale Brewery,Ipswich,MA,42.6792602,-70.8411612,POINT (-70.8411612 42.6792602)
124,124,Griffin Claw Brewing Company,Birmingham,MI,42.5467012,-83.2113192,POINT (-83.21131920000001 42.5467012)
125,125,Karbach Brewing Company,Houston,TX,29.7632836,-95.3632715,POINT (-95.3632715 29.7632836)
126,126,Uncle Billy's Brewery and Smokeh...,Austin,TX,30.267153,-97.7430608,POINT (-97.74306079999999 30.267153)
127,127,Deep Ellum Brewing Company,Dallas,TX,32.7830556,-96.8066667,POINT (-96.80666669999999 32.7830556)
128,128,Real Ale Brewing Company,Blanco,TX,30.2663768,-98.399865,POINT (-98.39986500000001 30.2663768)
129,129,Straub Brewery,St Mary's,PA,38.2837401,-76.4185285,POINT (-76.41852849999999 38.2837401)
130,130,Shebeen Brewing Company,Wolcott,CT,41.6023196,-72.9867718,POINT (-72.9867718 41.6023196)
131,131,Stevens Point Brewery,Stevens Point,WI,44.5235792,-89.574563,POINT (-89.574563 44.5235792)
132,132,Weston Brewing Company,Weston,MO,39.4111092,-94.9016298,POINT (-94.90162979999999 39.4111092)
133,133,Southern Prohibition Brewing Com...,Hattiesburg,MS,31.3271189,-89.2903392,POINT (-89.29033920000001 31.3271189)
134,134,Minhas Craft Brewery,Monroe,WI,43.9582995,-90.7379119,POINT (-90.7379119 43.9582995)
135,135,Pug Ryan's Brewery,Dillon,CO,39.6302643,-106.0433518,POINT (-106.0433518 39.6302643)
136,136,Hops & Grains Brewing Company,Austin,TX,30.267153,-97.7430608,POINT (-97.74306079999999 30.267153)
137,137,Sietsema Orchards and Cider Mill,Ada,MI,42.9541963,-85.4889121,POINT (-85.48891209999999 42.9541963)
138,138,Summit Brewing Company,St Paul,MN,44.9444101,-93.0932742,POINT (-93.0932742 44.9444101)
139,139,Core Brewing & Distilling Company,Springdale,AR,36.1867442,-94.1288142,POINT (-94.12881419999999 36.1867442)
140,140,Independence Brewing Company,Austin,TX,30.267153,-97.7430608,POINT (-97.74306079999999 30.267153)
141,141,Cigar City Brewing Company,Tampa,FL,27.9475216,-82.4584279,POINT (-82.4584279 27.9475216)
142,142,Third Street Brewhouse,Cold Spring,MN,45.4557973,-94.4288849,POINT (-94.4288849 45.4557973)
143,143,Narragansett Brewing Company,Providence,RI,41.8239891,-71.4128343,POINT (-71.4128343 41.8239891)
144,144,Grimm Brothers Brewhouse,Loveland,CO,40.3977612,-105.0749801,POINT (-105.0749801 40.3977612)
145,145,Cisco Brewers,Nantucket,MA,41.2834563,-70.0994605,POINT (-70.09946050000001 41.2834563)
146,146,Angry Minnow,Hayward,WI,46.0130065,-91.4846208,POINT (-91.4846208 46.0130065)
147,147,Platform Beer Company,Cleveland,OH,41.4994954,-81.6954088,POINT (-81.6954088 41.4994954)
148,148,Odyssey Beerwerks,Arvada,CO,39.8027644,-105.0874842,POINT (-105.0874842 39.8027644)
149,149,Lonerider Brewing Company,Raleigh,NC,35.772096,-78.6386145,POINT (-78.6386145 35.772096)
150,150,Oakshire Brewing,Eugene,OR,44.0520691,-123.0867536,POINT (-123.0867536 44.0520691)
151,151,Fort Pitt Brewing Company,Latrobe,PA,40.3211808,-79.3794811,POINT (-79.37948110000001 40.3211808)
152,152,Tin Roof Brewing Company,Baton Rouge,LA,30.44332,-91.18747,POINT (-91.18747 30.44332)
153,153,Three Creeks Brewing,Sisters,OR,44.0411562,-121.900475,POINT (-121.900475 44.0411562)
154,154,2 Towns Ciderhouse,Corvallis,OR,44.5645659,-123.2620435,POINT (-123.2620435 44.5645659)
155,155,Caldera Brewing Company,Ashland,OR,42.1945759,-122.7094767,POINT (-122.7094767 42.1945759)
156,156,Greenbrier Valley Brewing Company,Lewisburg,WV,37.8017879,-80.4456303,POINT (-80.4456303 37.8017879)
157,157,Phoenix Ale Brewery,Phoenix,AZ,33.4483771,-112.0740373,POINT (-112.0740373 33.4483771)
158,158,Lumberyard Brewing Company,Flagstaff,AZ,35.1980671,-111.6512725,POINT (-111.6512725 35.1980671)
159,159,Uinta Brewing Company,Salt Lake City,UT,40.7607794,-111.8910474,POINT (-111.8910474 40.7607794)
160,160,Four Peaks Brewing Company,Tempe,AZ,33.414768,-111.9093095,POINT (-111.9093095 33.414768)
161,161,Martin House Brewing Company,Fort Worth,TX,32.725409,-97.3208496,POINT (-97.3208496 32.725409)
162,162,Right Brain Brewery,Traverse City,MI,44.7630567,-85.6206317,POINT (-85.6206317 44.7630567)
163,163,Sly Fox Brewing Company,Phoenixville,PA,40.1303822,-75.5149128,POINT (-75.5149128 40.1303822)
164,164,Round Guys Brewing,Lansdale,PA,40.2414952,-75.2837862,POINT (-75.28378619999999 40.2414952)
165,165,Great Crescent Brewery,Aurora,IN,41.7605849,-88.3200715,POINT (-88.3200715 41.7605849)
166,166,Oskar Blues Brewery,Longmont,CO,40.1672069,-105.1019275,POINT (-105.1019275 40.1672069)
167,167,Boxcar Brewing Company,West Chester,PA,39.96097,-75.60804,POINT (-75.60804 39.96097)
168,168,High Hops Brewery,Windsor,CO,40.4774818,-104.9013617,POINT (-104.9013617 40.4774818)
169,169,Crooked Fence Brewing Company,Garden City,ID,43.6221108,-116.2381744,POINT (-116.2381744 43.6221108)
170,170,Everybody's Brewing,White Salmon,WA,45.7276194,-121.4864619,POINT (-121.4864619 45.7276194)
171,171,Anderson Valley Brewing Company,Boonville,CA,39.0090663,-123.3661194,POINT (-123.3661194 39.0090663)
172,172,Fiddlehead Brewing Company,Shelburne,VT,44.3806065,-73.227626,POINT (-73.227626 44.3806065)
173,173,Evil Twin Brewing,Brooklyn,NY,40.6501038,-73.9495823,POINT (-73.9495823 40.6501038)
174,174,New Orleans Lager & Ale Brewing ...,New Orleans,LA,29.9546482,-90.075072,POINT (-90.07507200000001 29.9546482)
175,175,Spiteful Brewing Company,Chicago,IL,41.850033,-87.6500523,POINT (-87.6500523 41.850033)
176,176,Rahr & Sons Brewing Company,Fort Worth,TX,32.725409,-97.3208496,POINT (-97.3208496 32.725409)
177,177,18th Street Brewery,Gary,IN,41.5933696,-87.3464271,POINT (-87.3464271 41.5933696)
178,178,Cambridge Brewing Company,Cambridge,MA,42.375097,-71.1056079,POINT (-71.1056079 42.375097)
179,179,Carolina Brewery,Pittsboro,NC,35.7201463,-79.1772371,POINT (-79.1772371 35.7201463)
180,180,Frog Level Brewing Company,Waynesville,NC,35.4887145,-82.9887477,POINT (-82.9887477 35.4887145)
181,181,Wild Wolf Brewing Company,Nellysford,VA,37.8904176,-78.8722444,POINT (-78.8722444 37.8904176)
182,182,COOP Ale Works,Oklahoma City,OK,35.4675602,-97.5164276,POINT (-97.5164276 35.4675602)
183,183,Seventh Son Brewing Company,Columbus,OH,39.9611755,-82.9987942,POINT (-82.99879420000001 39.9611755)
184,184,Oasis Texas Brewing Company,Austin,TX,30.267153,-97.7430608,POINT (-97.74306079999999 30.267153)
185,185,Vander Mill Ciders,Spring Lake,MI,43.0769625,-86.1969971,POINT (-86.1969971 43.0769625)
186,186,St. Julian Winery,Paw Paw,MI,42.2178171,-85.8911246,POINT (-85.8911246 42.2178171)
187,187,Pedernales Brewing Company,Fredericksburg,TX,30.31805480273912,-98.94648001567582,POINT (-98.94648001567582 30.31805480273912)
188,188,Mother's Brewing,Springfield,MO,37.215326,-93.2982436,POINT (-93.29824360000001 37.215326)
189,189,Modern Monks Brewery,Lincoln,NE,40.8000011,-96.6669599,POINT (-96.66695989999999 40.8000011)
190,190,Two Beers Brewing Company,Seattle,WA,47.6062095,-122.3320708,POINT (-122.3320708 47.6062095)
191,191,Snake River Brewing Company,Jackson,WY,43.917782286748114,-110.64924307702209,POINT (-110.6492430770221 43.91778228674811)
192,192,Capital Brewery,Middleton,WI,43.0972174,-89.5042876,POINT (-89.5042876 43.0972174)
193,193,Anthem Brewing Company,Oklahoma City,OK,35.4675602,-97.5164276,POINT (-97.5164276 35.4675602)
194,194,Goodlife Brewing Co.,Bend,OR,44.0581728,-121.3153096,POINT (-121.3153096 44.0581728)
195,195,Breakside Brewery,Portland,OR,45.5234515,-122.6762071,POINT (-122.6762071 45.5234515)
196,196,Goose Island Brewery Company,Chicago,IL,41.850033,-87.6500523,POINT (-87.6500523 41.850033)
197,197,Burnside Brewing Co.,Portland,OR,45.5234515,-122.6762071,POINT (-122.6762071 45.5234515)
198,198,Hop Valley Brewing Company,Springfield,OR,44.0462362,-123.0220289,POINT (-123.0220289 44.0462362)
199,199,Worthy Brewing Company,Bend,OR,44.0581728,-121.3153096,POINT (-121.3153096 44.0581728)
200,200,Occidental Brewing Company,Portland,OR,45.5234515,-122.6762071,POINT (-122.6762071 45.5234515)
201,201,Fearless Brewing Company,Estacada,OR,45.2895655,-122.3336963,POINT (-122.3336963 45.2895655)
202,202,Upland Brewing Company,Bloomington,IN,39.165325,-86.5263857,POINT (-86.52638570000001 39.165325)
203,203,Mehana Brewing Co.,Hilo,HI,19.72991,-155.09073,POINT (-155.09073 19.72991)
204,204,Hawai'i Nui Brewing Co.,Hilo,HI,19.72991,-155.09073,POINT (-155.09073 19.72991)
205,205,People's Brewing Company,Lafayette,IN,40.4167022,-86.8752869,POINT (-86.87528690000001 40.4167022)
206,206,Fort George Brewery,Astoria,OR,46.1878841,-123.8312534,POINT (-123.8312534 46.1878841)
207,207,Branchline Brewing Company,San Antonio,TX,29.4241219,-98.4936282,POINT (-98.4936282 29.4241219)
208,208,Kalona Brewing Company,Kalona,IA,41.4830723,-91.7060016,POINT (-91.70600159999999 41.4830723)
209,209,Modern Times Beer,San Diego,CA,32.71571,-117.16472,POINT (-117.16472 32.71571)
210,210,Temperance Beer Company,Evanston,IL,42.0411414,-87.6900587,POINT (-87.69005869999999 42.0411414)
211,211,Wisconsin Brewing Company,Verona,WI,42.990831,-89.5331773,POINT (-89.53317730000001 42.990831)
212,212,Crow Peak Brewing Company,Spearfish,SD,44.4908172,-103.8593698,POINT (-103.8593698 44.4908172)
213,213,Grapevine Craft Brewery,Farmers Branch,TX,32.9265137,-96.8961151,POINT (-96.8961151 32.9265137)
214,214,Buffalo Bayou Brewing Company,Houston,TX,29.7632836,-95.3632715,POINT (-95.3632715 29.7632836)
215,215,Texian Brewing Co.,Richmond,TX,29.5821811,-95.7607832,POINT (-95.76078320000001 29.5821811)
216,216,Orpheus Brewing,Atlanta,GA,33.7489954,-84.3879824,POINT (-84.3879824 33.7489954)
217,217,Forgotten Boardwalk,Cherry Hill,NJ,39.9348351,-75.0307264,POINT (-75.03072640000001 39.9348351)
218,218,Laughing Dog Brewing Company,Ponderay,ID,48.3054806,-116.5338037,POINT (-116.5338037 48.3054806)
219,219,Bozeman Brewing Company,Bozeman,MT,45.6796526,-111.0385582,POINT (-111.0385582 45.6796526)
220,220,Big Choice Brewing,Broomfield,CO,39.9205411,-105.0866504,POINT (-105.0866504 39.9205411)
221,221,Big Storm Brewing Company,Odessa,FL,28.1939007,-82.5917642,POINT (-82.5917642 28.1939007)
222,222,Carton Brewing Company,Atlantic Highlands,NJ,40.4078865,-74.034306,POINT (-74.034306 40.4078865)
223,223,Midnight Sun Brewing Company,Anchorage,AK,61.2180556,-149.9002778,POINT (-149.9002778 61.2180556)
224,224,Fat Head's Brewery,Middleburg Heights,OH,41.3614401,-81.812912,POINT (-81.812912 41.3614401)
225,225,Refuge Brewery,Temecula,CA,33.4936391,-117.1483648,POINT (-117.1483648 33.4936391)
226,226,Chatham Brewing,Chatham,NY,40.7409341,-74.3837624,POINT (-74.38376239999999 40.7409341)
227,227,DC Brau Brewing Company,Washington,DC,38.8951118,-77.0363658,POINT (-77.0363658 38.8951118)
228,228,Geneva Lake Brewing Company,Lake Geneva,WI,42.5650143,-88.5037547,POINT (-88.5037547 42.5650143)
229,229,Rochester Mills Brewing Company,Rochester,MI,42.680588,-83.1338214,POINT (-83.1338214 42.680588)
230,230,Cape Ann Brewing Company,Gloucester,MA,42.61405,-70.66313,POINT (-70.66313 42.61405)
231,231,Borderlands Brewing Company,Tucson,AZ,32.2217429,-110.926479,POINT (-110.926479 32.2217429)
232,232,College Street Brewhouse and Pub,Lake Havasu City,AZ,34.483901,-114.3224548,POINT (-114.3224548 34.483901)
233,233,Joseph James Brewing Company,Henderson,NV,36.21519630845164,-115.01356105204516,POINT (-115.0135610520452 36.21519630845164)
234,234,Harpoon Brewery,Boston,MA,42.3584308,-71.0597732,POINT (-71.0597732 42.3584308)
235,235,Back East Brewing Company,Bloomfield,CT,41.826488,-72.7300945,POINT (-72.73009450000001 41.826488)
236,236,Champion Brewing Company,Charlottesville,VA,38.0293059,-78.4766781,POINT (-78.4766781 38.0293059)
237,237,Devil's Backbone Brewing Company,Lexington,VA,37.77309,-79.45244,POINT (-79.45244 37.77309)
238,238,Newburgh Brewing Company,Newburgh,NY,41.5034271,-74.0104179,POINT (-74.01041789999999 41.5034271)
239,239,Wiseacre Brewing Company,Memphis,TN,35.1495343,-90.0489801,POINT (-90.04898009999999 35.1495343)
240,240,Golden Road Brewing,Los Angeles,CA,34.0522342,-118.2436849,POINT (-118.2436849 34.0522342)
241,241,New Republic Brewing Company,College Station,TX,30.627977,-96.3344068,POINT (-96.3344068 30.627977)
242,242,Infamous Brewing Company,Austin,TX,30.267153,-97.7430608,POINT (-97.74306079999999 30.267153)
243,243,Two Henrys Brewing Company,Plant City,FL,28.01888,-82.11469,POINT (-82.11469 28.01888)
244,244,Lift Bridge Brewing Company,Stillwater,MN,45.0563558,-92.8060408,POINT (-92.80604080000001 45.0563558)
245,245,Lucky Town Brewing Company,Jackson,MS,32.2987573,-90.1848103,POINT (-90.1848103 32.2987573)
246,246,Quest Brewing Company,Greenville,SC,34.8526176,-82.3940105,POINT (-82.39401049999999 34.8526176)
247,247,Creature Comforts,Athens,GA,33.960948,-83.3779358,POINT (-83.3779358 33.960948)
248,248,Half Full Brewery,Stamford,CT,41.0534302,-73.5387341,POINT (-73.5387341 41.0534302)
249,249,Southampton Publick House,Southampton,NY,40.884267,-72.3895296,POINT (-72.3895296 40.884267)
250,250,Chapman's Brewing,Angola,IN,41.64386786839968,-85.00076485073735,POINT (-85.00076485073735 41.64386786839968)
251,251,Barrio Brewing Company,Tucson,AZ,32.2217429,-110.926479,POINT (-110.926479 32.2217429)
252,252,Santa Cruz Mountain Brewing,Santa Cruz,CA,36.9741171,-122.0307963,POINT (-122.0307963 36.9741171)
253,253,Frankenmuth Brewery,Frankenmuth,MI,43.331691,-83.7380194,POINT (-83.7380194 43.331691)
254,254,Meckley's Cidery,Somerset Center,MI,42.0511543,-84.4135604,POINT (-84.41356039999999 42.0511543)
255,255,Stillwater Artisanal Ales,Baltimore,MD,39.2903848,-76.6121893,POINT (-76.6121893 39.2903848)
256,256,Finch's Beer Company,Chicago,IL,41.850033,-87.6500523,POINT (-87.6500523 41.850033)
257,257,South Austin Brewery,South Austin,TX,30.267153,-97.7430608,POINT (-97.74306079999999 30.267153)
258,258,Bauhaus Brew Labs,Minneapolis,MN,44.9799654,-93.2638361,POINT (-93.26383610000001 44.9799654)
259,259,Ozark Beer Company,Rogers,AR,36.3320197,-94.1185366,POINT (-94.1185366 36.3320197)
260,260,Mountain Town Brewing Company ,Mount Pleasant,MI,43.5978075,-84.7675139,POINT (-84.7675139 43.5978075)
261,261,Otter Creek Brewing,Waterbury,VT,44.3378343,-72.756229,POINT (-72.756229 44.3378343)
262,262,The Brewer's Art,Baltimore,MD,39.2903848,-76.6121893,POINT (-76.6121893 39.2903848)
263,263,Denver Beer Company,Denver,CO,39.7391536,-104.9847034,POINT (-104.9847034 39.7391536)
264,264,Ska Brewing Company,Durango,CO,37.27528,-107.8800667,POINT (-107.8800667 37.27528)
265,265,Tractor Brewing Company,Albuquerque,NM,35.0844909,-106.6511367,POINT (-106.6511367 35.0844909)
266,266,Peak Organic Brewing Company,Portland,ME,43.65737,-70.2589,POINT (-70.2589 43.65737)
267,267,Cape Cod Beer,Hyannis,MA,41.6528887,-70.2827989,POINT (-70.2827989 41.6528887)
268,268,Long Trail Brewing Company,Bridgewater Corners,VT,43.5884026,-72.6559308,POINT (-72.65593079999999 43.5884026)
269,269,Great Raft Brewing Company,Shreveport,LA,32.5251516,-93.7501789,POINT (-93.75017889999999 32.5251516)
270,270,Alaskan Brewing Company,Juneau,AK,58.3019444,-134.4197222,POINT (-134.4197222 58.3019444)
271,271,Notch Brewing Company,Ipswich,MA,42.6792602,-70.8411612,POINT (-70.8411612 42.6792602)
272,272,The Alchemist,Waterbury,VT,44.3378343,-72.756229,POINT (-72.756229 44.3378343)
273,273,Three Notch'd Brewing Company,Charlottesville,VA,38.0293059,-78.4766781,POINT (-78.4766781 38.0293059)
274,274,Portside Brewery,Cleveland,OH,41.4994954,-81.6954088,POINT (-81.6954088 41.4994954)
275,275,Otter Creek Brewing,Middlebury,VT,44.01553,-73.16937,POINT (-73.16937 44.01553)
276,276,Montauk Brewing Company,Montauk,NY,41.0764906,-71.9200689,POINT (-71.9200689 41.0764906)
277,277,Indeed Brewing Company,Minneapolis,MN,44.9799654,-93.2638361,POINT (-93.26383610000001 44.9799654)
278,278,Berkshire Brewing Company,South Deerfield,MA,42.4773097,-72.6078667,POINT (-72.6078667 42.4773097)
279,279,Foolproof Brewing Company,Pawtucket,RI,41.878711,-71.3825558,POINT (-71.38255580000001 41.878711)
280,280,Headlands Brewing Company,Mill Valley,CA,37.9060368,-122.5449763,POINT (-122.5449763 37.9060368)
281,281,Bolero Snort Brewery,Ridgefield Park,NJ,40.8570442,-74.0215285,POINT (-74.0215285 40.8570442)
282,282,Thunderhead Brewing Company,Kearney,NE,40.5067072,-98.9480216,POINT (-98.9480216 40.5067072)
283,283,Defiance Brewing Company,Hays,KS,38.8791783,-99.3267702,POINT (-99.3267702 38.8791783)
284,284,Milwaukee Brewing Company,Milwaukee,WI,43.0389025,-87.9064736,POINT (-87.9064736 43.0389025)
285,285,Catawba Island Brewing,Port Clinton,OH,39.5520056,-83.786314,POINT (-83.786314 39.5520056)
286,286,Back Forty Beer Company,Gadsden,AL,34.01434,-86.00639,POINT (-86.00639 34.01434)
287,287,Four Corners Brewing Company,Dallas,TX,32.7830556,-96.8066667,POINT (-96.80666669999999 32.7830556)
288,288,Saint Archer Brewery,San Diego,CA,32.71571,-117.16472,POINT (-117.16472 32.71571)
289,289,Rogue Ales,Newport,OR,44.57984,-124.0581737,POINT (-124.0581737 44.57984)
290,290,Hale's Ales,Seattle,WA,47.6062095,-122.3320708,POINT (-122.3320708 47.6062095)
291,291,Tommyknocker Brewery,Idaho Springs,CO,39.7424881,-105.5136082,POINT (-105.5136082 39.7424881)
292,292,Baxter Brewing Company,Lewiston,ME,44.100351,-70.2147764,POINT (-70.21477640000001 44.100351)
293,293,Northampton Brewery,Northampton,MA,42.3250896,-72.6412013,POINT (-72.64120130000001 42.3250896)
294,294,Black Shirt Brewing Company,Denver,CO,39.7391536,-104.9847034,POINT (-104.9847034 39.7391536)
295,295,Wachusett Brewing Company,Westminster,MA,39.5753791,-76.9958149,POINT (-76.9958149 39.5753791)
296,296,Widmer Brothers Brewing Company,Portland,OR,45.5234515,-122.6762071,POINT (-122.6762071 45.5234515)
297,297,Hop Farm Brewing Company,Pittsburgh,PA,40.4406248,-79.9958864,POINT (-79.9958864 40.4406248)
298,298,Liquid Hero Brewery,York,PA,40.6501038,-73.9495823,POINT (-73.9495823 40.6501038)
299,299,Matt Brewing Company,Utica,NY,43.1009031,-75.2326641,POINT (-75.23266409999999 43.1009031)
300,300,Boston Beer Company,Boston,MA,42.3584308,-71.0597732,POINT (-71.0597732 42.3584308)
301,301,Old Forge Brewing Company,Danville,PA,40.96342,-76.6127329,POINT (-76.6127329 40.96342)
302,302,Utah Brewers Cooperative,Salt Lake City,UT,40.7607794,-111.8910474,POINT (-111.8910474 40.7607794)
303,303,Magic Hat Brewing Company,South Burlington,VT,44.4758825,-73.212072,POINT (-73.21207200000001 44.4758825)
304,304,Blue Hills Brewery,Canton,MA,42.1584324,-71.1447732,POINT (-71.1447732 42.1584324)
305,305,Night Shift Brewing,Everett,MA,42.40843,-71.0536625,POINT (-71.0536625 42.40843)
306,306,Beach Brewing Company,Virginia Beach,VA,36.8529263,-75.977985,POINT (-75.977985 36.8529263)
307,307,Payette Brewing Company,Garden City,ID,43.6221108,-116.2381744,POINT (-116.2381744 43.6221108)
308,308,Brew Bus Brewing,Tampa,FL,27.9475216,-82.4584279,POINT (-82.4584279 27.9475216)
309,309,Sockeye Brewing Company,Boise,ID,43.6135002,-116.2034505,POINT (-116.2034505 43.6135002)
310,310,Pine Street Brewery,San Francisco,CA,37.7749295,-122.4194155,POINT (-122.4194155 37.7749295)
311,311,Dirty Bucket Brewing Company,Woodinville,WA,47.7542651,-122.1634582,POINT (-122.1634582 47.7542651)
312,312,Jackalope Brewing Company,Nashville,TN,36.1658899,-86.7844432,POINT (-86.7844432 36.1658899)
313,313,Slanted Rock Brewing Company,Meridian,ID,43.6121087,-116.3915131,POINT (-116.3915131 43.6121087)
314,314,Piney River Brewing Company,Bucyrus,MO,37.3442143,-92.0168233,POINT (-92.0168233 37.3442143)
315,315,Cutters Brewing Company,Avon,IN,39.7628227,-86.3997168,POINT (-86.39971679999999 39.7628227)
316,316,Iron Hill Brewery & Restaurant,Wilmington,DE,39.7459467,-75.5465889,POINT (-75.5465889 39.7459467)
317,317,Marshall Wharf Brewing Company,Belfast,ME,44.4259092,-69.0064234,POINT (-69.0064234 44.4259092)
318,318,Banner Beer Company,Williamsburg,MA,39.0839973,-77.1527578,POINT (-77.1527578 39.0839973)
319,319,Dick's Brewing Company,Centralia,WA,46.7162136,-122.9542972,POINT (-122.9542972 46.7162136)
320,320,Claremont Craft Ales,Claremont,CA,34.0966764,-117.7197785,POINT (-117.7197785 34.0966764)
321,321,Rivertown Brewing Company,Lockland,OH,39.2292249,-84.4577201,POINT (-84.4577201 39.2292249)
322,322,Voodoo Brewery,Meadville,PA,41.6414438,-80.1514484,POINT (-80.15144840000001 41.6414438)
323,323,D.L. Geary Brewing Company,Portland,ME,43.65737,-70.2589,POINT (-70.2589 43.65737)
324,324,Pisgah Brewing Company,Black Mountain,NC,35.6178951,-82.3212302,POINT (-82.3212302 35.6178951)
325,325,Neshaminy Creek Brewing Company,Croydon,PA,40.0873329,-74.9034996,POINT (-74.9034996 40.0873329)
326,326,Morgan Street Brewery,Saint Louis,MO,38.6272733,-90.1978889,POINT (-90.1978889 38.6272733)
327,327,Half Acre Beer Company,Chicago,IL,41.850033,-87.6500523,POINT (-87.6500523 41.850033)
328,328,The Just Beer Project,Burlington,VT,44.4758825,-73.212072,POINT (-73.21207200000001 44.4758825)
329,329,The Bronx Brewery,Bronx,NY,40.84985217202898,-73.86640548706055,POINT (-73.86640548706055 40.84985217202898)
330,330,Dead Armadillo Craft Brewing,Tulsa,OK,36.1539816,-95.992775,POINT (-95.99277499999999 36.1539816)
331,331,Catawba Brewing Company,Morganton,NC,35.7454071,-81.6848188,POINT (-81.6848188 35.7454071)
332,332,La Cumbre Brewing Company,Albuquerque,NM,35.0844909,-106.6511367,POINT (-106.6511367 35.0844909)
333,333,David's Ale Works,Diamond Springs,CA,38.6946259,-120.8149355,POINT (-120.8149355 38.6946259)
334,334,The Traveler Beer Company,Burlington,VT,44.4758825,-73.212072,POINT (-73.21207200000001 44.4758825)
335,335,Fargo Brewing Company,Fargo,ND,46.8771863,-96.7898034,POINT (-96.7898034 46.8771863)
336,336,Big Sky Brewing Company,Missoula,MT,46.872146,-113.9939982,POINT (-113.9939982 46.872146)
337,337,Nebraska Brewing Company,Papillion,NE,41.1544433,-96.0422378,POINT (-96.0422378 41.1544433)
338,338,Uncle John's Fruit House Winery,St. John's,MI,43.001143,-84.5591521,POINT (-84.55915210000001 43.001143)
339,339,Wormtown Brewery,Worcester,MA,42.2625932,-71.8022934,POINT (-71.8022934 42.2625932)
340,340,Due South Brewing Company,Boynton Beach,FL,26.5253491,-80.0664309,POINT (-80.0664309 26.5253491)
341,341,Palisade Brewing Company,Palisade,CO,39.1102588,-108.3509193,POINT (-108.3509193 39.1102588)
342,342,KelSo Beer Company,Brooklyn,NY,40.6501038,-73.9495823,POINT (-73.9495823 40.6501038)
343,343,Hardywood Park Craft Brewery,Richmond,VA,37.5537575,-77.4602617,POINT (-77.4602617 37.5537575)
344,344,Wolf Hills Brewing Company,Abingdon,VA,36.7098335,-81.9773482,POINT (-81.97734819999999 36.7098335)
345,345,Lavery Brewing Company,Erie,PA,42.1292241,-80.085059,POINT (-80.085059 42.1292241)
346,346,Manzanita Brewing Company,Santee,CA,32.8383828,-116.9739167,POINT (-116.9739167 32.8383828)
347,347,Fullsteam Brewery,Durham,NC,35.9940329,-78.898619,POINT (-78.898619 35.9940329)
348,348,Four Horsemen Brewing Company,South Bend,IN,41.6833813,-86.2500066,POINT (-86.25000660000001 41.6833813)
349,349,Hinterland Brewery,Green Bay,WI,44.519159,-88.019826,POINT (-88.01982599999999 44.519159)
350,350,Central Coast Brewing Company,San Luis Obispo,CA,35.2827524,-120.6596156,POINT (-120.6596156 35.2827524)
351,351,Westfield River Brewing Company,Westfield,MA,42.1250929,-72.749538,POINT (-72.749538 42.1250929)
352,352,Elevator Brewing Company,Columbus,OH,39.9611755,-82.9987942,POINT (-82.99879420000001 39.9611755)
353,353,Aslan Brewing Company,Bellingham,WA,48.7595529,-122.4882249,POINT (-122.4882249 48.7595529)
354,354,Kulshan Brewery,Bellingham,WA,48.7595529,-122.4882249,POINT (-122.4882249 48.7595529)
355,355,Pikes Peak Brewing Company,Monument,CO,39.0916586,-104.872758,POINT (-104.872758 39.0916586)
356,356,Manayunk Brewing Company,Philadelphia,PA,39.952335,-75.163789,POINT (-75.16378899999999 39.952335)
357,357,Buckeye Brewing,Cleveland,OH,41.4994954,-81.6954088,POINT (-81.6954088 41.4994954)
358,358,Daredevil Brewing Company,Shelbyville,IN,39.5214373,-85.7769238,POINT (-85.77692380000001 39.5214373)
359,359,NoDa Brewing Company,Charlotte,NC,35.2270869,-80.8431268,POINT (-80.84312679999999 35.2270869)
360,360,Aviator Brewing Company,Fuquay-Varina,NC,35.5843235,-78.8000128,POINT (-78.8000128 35.5843235)
361,361,Wild Onion Brewing Company,Lake Barrington,IL,42.2150637,-88.1468509,POINT (-88.1468509 42.2150637)
362,362,Hilliard's Beer,Seattle,WA,47.6062095,-122.3320708,POINT (-122.3320708 47.6062095)
363,363,Mikkeller,Pottstown,PA,40.2453741,-75.6496302,POINT (-75.6496302 40.2453741)
364,364,Bohemian Brewery,Midvale,UT,40.6110589,-111.8999353,POINT (-111.8999353 40.6110589)
365,365,Great River Brewery,Davenport,IA,41.5236437,-90.5776367,POINT (-90.5776367 41.5236437)
366,366,Mustang Brewing Company,Mustang,OK,35.384226,-97.7244868,POINT (-97.72448679999999 35.384226)
367,367,Airways Brewing Company,Kent,WA,47.3809335,-122.2348431,POINT (-122.2348431 47.3809335)
368,368,21st Amendment Brewery,San Francisco,CA,37.7749295,-122.4194155,POINT (-122.4194155 37.7749295)
369,369,Eddyline Brewery & Restaurant,Buena Vista,CO,38.8422178,-106.1311288,POINT (-106.1311288 38.8422178)
370,370,Pizza Port Brewing Company,Carlsbad,CA,33.02818612476269,-116.7702042500999,POINT (-116.7702042500999 33.02818612476269)
371,371,Sly Fox Brewing Company,Pottstown,PA,40.2453741,-75.6496302,POINT (-75.6496302 40.2453741)
372,372,Spring House Brewing Company,Conestoga,PA,39.9406555,-76.3463493,POINT (-76.3463493 39.9406555)
373,373,7venth Sun,Dunedin,FL,28.0199,-82.77323,POINT (-82.77323 28.0199)
374,374,Astoria Brewing Company,Astoria,OR,46.1878841,-123.8312534,POINT (-123.8312534 46.1878841)
375,375,Maui Brewing Company,Lahaina,HI,20.87429,-156.67663,POINT (-156.67663 20.87429)
376,376,RoughTail Brewing Company,Midwest City,OK,35.4495065,-97.3967019,POINT (-97.3967019 35.4495065)
377,377,Lucette Brewing Company,Menominee,WI,45.0043672,-88.7100057,POINT (-88.7100057 45.0043672)
378,378,Bold City Brewery,Jacksonville,FL,30.3321838,-81.655651,POINT (-81.65565100000001 30.3321838)
379,379,Grey Sail Brewing of Rhode Island,Westerly,RI,41.3775996,-71.8272911,POINT (-71.8272911 41.3775996)
380,380,Blue Blood Brewing Company,Lincoln,NE,40.8000011,-96.6669599,POINT (-96.66695989999999 40.8000011)
381,381,Swashbuckler Brewing Company,Manheim,PA,40.1634279,-76.3949615,POINT (-76.39496149999999 40.1634279)
382,382,Blue Mountain Brewery,Afton,VA,42.7092397,-110.9407492,POINT (-110.9407492 42.7092397)
383,383,Starr Hill Brewery,Crozet,VA,38.0695815,-78.700575,POINT (-78.700575 38.0695815)
384,384,Westbrook Brewing Company,Mt. Pleasant,SC,32.7940651,-79.8625851,POINT (-79.8625851 32.7940651)
385,385,Shipyard Brewing Company,Portland,ME,43.65737,-70.2589,POINT (-70.2589 43.65737)
386,386,Revolution Brewing,Paonia,CO,38.9569344,-107.3400522,POINT (-107.3400522 38.9569344)
387,387,Natian Brewery,Portland,OR,45.5234515,-122.6762071,POINT (-122.6762071 45.5234515)
388,388,Alltech's Lexington Brewing Company,Lexington,KY,37.9886892,-84.4777153,POINT (-84.4777153 37.9886892)
389,389,Oskar Blues Brewery (North Carol...,Brevard,NC,35.2021778086823,-82.79830007686662,POINT (-82.79830007686662 35.2021778086823)
390,390,Orlison Brewing Company,Airway Heights,WA,47.644611,-117.5932728,POINT (-117.5932728 47.644611)
391,391,Breckenridge Brewery,Denver,CO,39.7391536,-104.9847034,POINT (-104.9847034 39.7391536)
392,392,Santa Fe Brewing Company,Santa Fe,NM,35.6869752,-105.937799,POINT (-105.937799 35.6869752)
393,393,Miami Brewing Company,Miami,FL,25.7742658,-80.1936589,POINT (-80.1936589 25.7742658)
394,394,Schilling & Company,Seattle,WA,47.6062095,-122.3320708,POINT (-122.3320708 47.6062095)
395,395,Hops & Grain Brewery,Austin,TX,30.267153,-97.7430608,POINT (-97.74306079999999 30.267153)
396,396,White Flame Brewing Company,Hudsonville,MI,42.870859,-85.8650358,POINT (-85.8650358 42.870859)
397,397,Ruhstaller Beer Company,Sacramento,CA,38.5815719,-121.4943996,POINT (-121.4943996 38.5815719)
398,398,Saugatuck Brewing Company,Douglas,MI,36.9325976,-92.4988058,POINT (-92.4988058 36.9325976)
399,399,Moab Brewery,Moab,UT,38.5733155,-109.5498395,POINT (-109.5498395 38.5733155)
400,400,Macon Beer Company,Macon,GA,32.8406946,-83.6324022,POINT (-83.6324022 32.8406946)
401,401,Amnesia Brewing Company,Washougal,WA,45.5826188,-122.3534247,POINT (-122.3534247 45.5826188)
402,402,Wolverine State Brewing Company,Ann Arbor,MI,42.277562797398,-83.7408828735352,POINT (-83.7408828735352 42.277562797398)
403,403,Red Tank Cider Company,Bend,OR,44.0581728,-121.3153096,POINT (-121.3153096 44.0581728)
404,404,Cascadia Ciderworks United,Portland,OR,45.5234515,-122.6762071,POINT (-122.6762071 45.5234515)
405,405,Fate Brewing Company,Boulder,CO,40.0149856,-105.2705456,POINT (-105.2705456 40.0149856)
406,406,Lazy Monk Brewing,Eau Claire,WI,44.811349,-91.4984941,POINT (-91.4984941 44.811349)
407,407,Bitter Root Brewing,Hamilton,MT,35.0050753,-85.3441249,POINT (-85.3441249 35.0050753)
408,408,10 Barrel Brewing Company,Bend,OR,44.0581728,-121.3153096,POINT (-121.3153096 44.0581728)
409,409,Tamarack Brewing Company,Lakeside,MT,48.0193947,-114.2245664,POINT (-114.2245664 48.0193947)
410,410,New England Brewing Company,Woodbridge,CT,41.352597,-73.0084385,POINT (-73.0084385 41.352597)
411,411,Seattle Cider Company,Seattle,WA,47.6062095,-122.3320708,POINT (-122.3320708 47.6062095)
412,412,Straight to Ale,Huntsville,AL,34.7304,-86.58594,POINT (-86.58593999999999 34.7304)
413,413,Austin Beerworks,Austin,TX,30.267153,-97.7430608,POINT (-97.74306079999999 30.267153)
414,414,Blue Mountain Brewery,Arrington,VA,37.6840306,-78.9011326,POINT (-78.9011326 37.6840306)
415,415,Coastal Empire Beer Company,Savannah,GA,32.0835407,-81.0998342,POINT (-81.0998342 32.0835407)
416,416,Jack's Hard Cider (Hauser Estate...,Biglerville,PA,39.9303715,-77.2480392,POINT (-77.24803919999999 39.9303715)
417,417,Boulder Beer Company,Boulder,CO,40.0149856,-105.2705456,POINT (-105.2705456 40.0149856)
418,418,Coalition Brewing Company,Portland,OR,45.5234515,-122.6762071,POINT (-122.6762071 45.5234515)
419,419,Sanitas Brewing Company,Boulder,CO,40.0149856,-105.2705456,POINT (-105.2705456 40.0149856)
420,420,Gore Range Brewery,Edwards,CO,39.62782561657971,-106.69529925700375,POINT (-106.6952992570038 39.62782561657971)
421,421,Redstone Meadery,Boulder,CO,40.0149856,-105.2705456,POINT (-105.2705456 40.0149856)
422,422,Blue Dog Mead,Eugene,OR,44.0520691,-123.0867536,POINT (-123.0867536 44.0520691)
423,423,Hess Brewing Company,San Diego,CA,32.71571,-117.16472,POINT (-117.16472 32.71571)
424,424,Wynkoop Brewing Company,Denver,CO,39.7391536,-104.9847034,POINT (-104.9847034 39.7391536)
425,425,Ciderboys,Stevens Point,WI,44.5235792,-89.574563,POINT (-89.574563 44.5235792)
426,426,Armadillo Ale Works,Denton,TX,33.2148412,-97.1330683,POINT (-97.13306830000001 33.2148412)
427,427,Roanoke Railhouse Brewery,Roanoke,VA,37.2709704,-79.9414267,POINT (-79.94142669999999 37.2709704)
428,428,Schlafly Brewing Company,Saint Louis,MO,38.6272733,-90.1978889,POINT (-90.1978889 38.6272733)
429,429,Asher Brewing Company,Boulder,CO,40.0149856,-105.2705456,POINT (-105.2705456 40.0149856)
430,430,Lost Rhino Brewing Company,Ashburn,VA,39.0437192,-77.4874899,POINT (-77.4874899 39.0437192)
431,431,North Country Brewing Company,Slippery Rock,PA,41.0639506,-80.0564468,POINT (-80.0564468 41.0639506)
432,432,Seabright Brewery,Santa Cruz,CA,36.9741171,-122.0307963,POINT (-122.0307963 36.9741171)
433,433,French Broad Brewery,Asheville,NC,35.6009452,-82.554015,POINT (-82.55401500000001 35.6009452)
434,434,Angry Orchard Cider Company,Cincinnati,OH,39.12711,-84.51439,POINT (-84.51439000000001 39.12711)
435,435,Two Roads Brewing Company,Stratford,CT,41.1845415,-73.1331651,POINT (-73.1331651 41.1845415)
436,436,Southern Oregon Brewing Company,Medford,OR,42.3265153,-122.8755949,POINT (-122.8755949 42.3265153)
437,437,Brooklyn Brewery,Brooklyn,NY,40.6501038,-73.9495823,POINT (-73.9495823 40.6501038)
438,438,The Right Brain Brewery,Traverse City,MI,44.7630567,-85.6206317,POINT (-85.6206317 44.7630567)
439,439,Kona Brewing Company,Kona,HI,19.7386111,-156.0455556,POINT (-156.0455556 19.7386111)
440,440,MillKing It Productions,Royal Oak,MI,42.4894801,-83.1446485,POINT (-83.1446485 42.4894801)
441,441,Pateros Creek Brewing Company,Fort Collins,CO,40.5852602,-105.084423,POINT (-105.084423 40.5852602)
442,442,O'Fallon Brewery,O'Fallon,MO,38.8106075,-90.6998477,POINT (-90.69984770000001 38.8106075)
443,443,Marble Brewery,Albuquerque,NM,35.0844909,-106.6511367,POINT (-106.6511367 35.0844909)
444,444,Big Wood Brewery,Vadnais Heights,MN,45.0574659,-93.0738306,POINT (-93.07383059999999 45.0574659)
445,445,Howard Brewing Company,Lenoir,NC,35.2626635,-77.5816353,POINT (-77.5816353 35.2626635)
446,446,Downeast Cider House,Leominster,MA,42.5250906,-71.759794,POINT (-71.759794 42.5250906)
447,447,Swamp Head Brewery,Gainesville,FL,29.6516344,-82.3248262,POINT (-82.3248262 29.6516344)
448,448,Mavericks Beer Company,Half Moon Bay,CA,37.4635519,-122.4285862,POINT (-122.4285862 37.4635519)
449,449,TailGate Beer,San Diego,CA,32.71571,-117.16472,POINT (-117.16472 32.71571)
450,450,Northwest Brewing Company,Pacific,WA,47.6062095,-122.3320708,POINT (-122.3320708 47.6062095)
451,451,Dad & Dude's Breweria,Aurora,CO,39.7294319,-104.8319195,POINT (-104.8319195 39.7294319)
452,452,Centennial Beer Company,Edwards,CO,39.62782561657971,-106.69529925700375,POINT (-106.6952992570038 39.62782561657971)
453,453,Denali Brewing Company,Talkeetna,AK,62.3216667,-150.0938889,POINT (-150.0938889 62.3216667)
454,454,Deschutes Brewery,Bend,OR,44.0581728,-121.3153096,POINT (-121.3153096 44.0581728)
455,455,Sunken City Brewing Company,Hardy,VA,37.2318062,-79.8105908,POINT (-79.8105908 37.2318062)
456,456,Lucette Brewing Company,Menominie,WI,45.0297122,-87.4609382,POINT (-87.4609382 45.0297122)
457,457,The Black Tooth Brewing Company,Sheridan,WY,44.7971939,-106.9561792,POINT (-106.9561792 44.7971939)
458,458,Kenai River Brewing Company,Soldotna,AK,60.4877778,-151.0583333,POINT (-151.0583333 60.4877778)
459,459,River North Brewery,Denver,CO,39.7391536,-104.9847034,POINT (-104.9847034 39.7391536)
460,460,Fremont Brewing Company,Seattle,WA,47.6062095,-122.3320708,POINT (-122.3320708 47.6062095)
461,461,Armstrong Brewing Company,South San Francisco,CA,37.654656,-122.4077498,POINT (-122.4077498 37.654656)
462,462,AC Golden Brewing Company,Golden,CO,39.755543,-105.2210997,POINT (-105.2210997 39.755543)
463,463,Big Bend Brewing Company,Alpine,TX,30.35862,-103.66206,POINT (-103.66206 30.35862)
464,464,Good Life Brewing Company,Bend,OR,44.0581728,-121.3153096,POINT (-121.3153096 44.0581728)
465,465,Engine 15 Brewing,Jacksonville Beach,FL,30.2946859,-81.3931396,POINT (-81.3931396 30.2946859)
466,466,Green Room Brewing,Jacksonville,FL,30.3321838,-81.655651,POINT (-81.65565100000001 30.3321838)
467,467,Brindle Dog Brewing Company,Tampa Bay,FL,27.8730725654228,-82.5100708007812,POINT (-82.51007080078119 27.8730725654228)
468,468,Peace Tree Brewing Company,Knoxville,IA,41.3208297,-93.1093708,POINT (-93.10937079999999 41.3208297)
469,469,Terrapin Brewing Company,Athens,GA,33.960948,-83.3779358,POINT (-83.3779358 33.960948)
470,470,Pete's Brewing Company,San Antonio,TX,29.4241219,-98.4936282,POINT (-98.4936282 29.4241219)
471,471,Okoboji Brewing Company,Spirit Lake,IA,43.37798476312797,-95.1508300608426,POINT (-95.15083006084259 43.37798476312797)
472,472,Crystal Springs Brewing Company,Boulder,CO,40.0149856,-105.2705456,POINT (-105.2705456 40.0149856)
473,473,Engine House 9,Tacoma,WA,47.2528769,-122.4442906,POINT (-122.4442906 47.2528769)
474,474,Tonka Beer Company,Minnetonka,MN,44.9132965,-93.5032877,POINT (-93.5032877 44.9132965)
475,475,Red Hare Brewing Company,Marietta,GA,33.952602,-84.5499327,POINT (-84.5499327 33.952602)
476,476,Hangar 24 Craft Brewery,Redlands,CA,34.0555693,-117.1825381,POINT (-117.1825381 34.0555693)
477,477,Big Elm Brewing,Sheffield,MA,34.7650887,-87.6986407,POINT (-87.6986407 34.7650887)
478,478,Good People Brewing Company,Birmingham,AL,33.40368231686402,-86.72819335341748,POINT (-86.72819335341748 33.40368231686402)
479,479,Heavy Seas Beer,Halethorpe,MD,39.2398292,-76.6802471,POINT (-76.6802471 39.2398292)
480,480,Telluride Brewing Company,Telluride,CO,37.9536044,-107.9089542,POINT (-107.9089542 37.9536044)
481,481,7 Seas Brewing Company,Gig Harbor,WA,47.329264,-122.5801293,POINT (-122.5801293 47.329264)
482,482,Confluence Brewing Company,Des Moines,IA,41.6005448,-93.6091064,POINT (-93.6091064 41.6005448)
483,483,Bale Breaker Brewing Company,Yakima,WA,46.6020711,-120.5058987,POINT (-120.5058987 46.6020711)
484,484,The Manhattan Brewing Company,New York,NY,40.6501038,-73.9495823,POINT (-73.9495823 40.6501038)
485,485,MacTarnahans Brewing Company,Portland,OR,45.5234515,-122.6762071,POINT (-122.6762071 45.5234515)
486,486,Stillmank Beer Company,Green Bay,WI,44.519159,-88.019826,POINT (-88.01982599999999 44.519159)
487,487,Redhook Brewery,Woodinville,WA,47.7542651,-122.1634582,POINT (-122.1634582 47.7542651)
488,488,Dock Street Brewery,Philadelphia,PA,39.952335,-75.163789,POINT (-75.16378899999999 39.952335)
489,489,Blue Point Brewing Company,Patchogue,NY,40.7656539,-73.0151084,POINT (-73.0151084 40.7656539)
490,490,Tampa Bay Brewing Company,Tampa,FL,27.9475216,-82.4584279,POINT (-82.4584279 27.9475216)
491,491,Devil's Canyon Brewery,Belmont,CA,37.5202145,-122.2758008,POINT (-122.2758008 37.5202145)
492,492,Stone Coast Brewing Company,Portland,ME,43.65737,-70.2589,POINT (-70.2589 43.65737)
493,493,Broken Tooth Brewing Company,Anchorage,AK,61.2180556,-149.9002778,POINT (-149.9002778 61.2180556)
494,494,Seven Brides Brewery,Silverton,OR,45.0051213,-122.7831455,POINT (-122.7831455 45.0051213)
495,495,Newburyport Brewing Company,Newburyport,MA,42.8125913,-70.8772751,POINT (-70.87727510000001 42.8125913)
496,496,Dry Dock Brewing Company,Aurora,CO,39.7294319,-104.8319195,POINT (-104.8319195 39.7294319)
497,497,Cans Bar and Canteen,Charlotte,NC,35.2270869,-80.8431268,POINT (-80.84312679999999 35.2270869)
498,498,Sprecher Brewing Company,Glendale,WI,41.9146,-88.06486,POINT (-88.06486 41.9146)
499,499,Wildwood Brewing Company,Stevensville,MT,46.5099225,-114.0931588,POINT (-114.0931588 46.5099225)
500,500,High Noon Saloon And Brewery,Leavenworth,KS,39.3111112,-94.9224637,POINT (-94.92246369999999 39.3111112)
501,501,Woodchuck Hard Cider,Middlebury,VT,44.01553,-73.16937,POINT (-73.16937 44.01553)
502,502,Sea Dog Brewing Company,Portland,ME,43.65737,-70.2589,POINT (-70.2589 43.65737)
503,503,Oskar Blues Brewery,Lyons,CO,40.2247075,-105.271378,POINT (-105.271378 40.2247075)
504,504,Carolina Beer & Beverage,Mooresville,NC,35.5848596,-80.8100724,POINT (-80.8100724 35.5848596)
505,505,Krebs Brewing Company (Pete's Pl...,Krebs,OK,34.9278748,-95.7158221,POINT (-95.7158221 34.9278748)
506,506,Warbird Brewing Company,Fort Wayne,IN,41.1306041,-85.1288597,POINT (-85.12885970000001 41.1306041)
507,507,Mudshark Brewing Company,Lake Havasu City,AZ,34.483901,-114.3224548,POINT (-114.3224548 34.483901)
508,508,Spilker Ales,Cortland,NE,42.6370141,-76.1788174,POINT (-76.1788174 42.6370141)
509,509,Wingman Brewers,Tacoma,WA,47.2528769,-122.4442906,POINT (-122.4442906 47.2528769)
510,510,Kettle House Brewing Company,Missoula,MT,46.872146,-113.9939982,POINT (-113.9939982 46.872146)
511,511,Sherwood Forest Brewers,Marlborough,MA,42.3459271,-71.5522874,POINT (-71.5522874 42.3459271)
512,512,Cottrell Brewing,Pawcatuck,CT,41.3773218,-71.8336802,POINT (-71.8336802 41.3773218)
513,513,Arctic Craft Brewery,Colorado Springs,CO,38.8338816,-104.8213634,POINT (-104.8213634 38.8338816)
514,514,Monkey Paw Pub & Brewery,San Diego,CA,32.71571,-117.16472,POINT (-117.16472 32.71571)
515,515,Crabtree Brewing Company,Greeley,CO,40.4233142,-104.7091322,POINT (-104.7091322 40.4233142)
516,516,Emerald City Beer Company,Seattle,WA,47.6062095,-122.3320708,POINT (-122.3320708 47.6062095)
517,517,Butcher's Brewing,Carlsbad,CA,33.02818612476269,-116.7702042500999,POINT (-116.7702042500999 33.02818612476269)
518,518,New South Brewing Company,Myrtle Beach,SC,33.6890603,-78.8866943,POINT (-78.8866943 33.6890603)
519,519,Big River Brewing Company,Chattanooga,TN,35.0456297,-85.3096801,POINT (-85.30968009999999 35.0456297)
520,520,Twisted Pine Brewing Company,Boulder,CO,40.0149856,-105.2705456,POINT (-105.2705456 40.0149856)
521,521,Flying Dog Brewery,Frederick,MD,39.4142688,-77.4105409,POINT (-77.4105409 39.4142688)
522,522,Uncommon Brewers,Santa Cruz,CA,36.9741171,-122.0307963,POINT (-122.0307963 36.9741171)
523,523,Aspen Brewing Company,Aspen,CO,39.1910983,-106.8175387,POINT (-106.8175387 39.1910983)
524,524,Triangle Brewing Company,Durham,NC,35.9940329,-78.898619,POINT (-78.898619 35.9940329)
525,525,Bomb Beer Company,New York,NY,40.6501038,-73.9495823,POINT (-73.9495823 40.6501038)
526,526,Churchkey Can Company,Seattle,WA,47.6062095,-122.3320708,POINT (-122.3320708 47.6062095)
527,527,Intuition Ale Works,Jacksonville,FL,30.3321838,-81.655651,POINT (-81.65565100000001 30.3321838)
528,528,Asheville Brewing Company,Asheville,NC,35.6009452,-82.554015,POINT (-82.55401500000001 35.6009452)
529,529,Northwoods Brewpub,Eau Claire,WI,44.811349,-91.4984941,POINT (-91.4984941 44.811349)
530,530,Buckbean Brewing Company,Reno,NV,39.5296329,-119.8138027,POINT (-119.8138027 39.5296329)
531,531,Dolores River Brewery,Dolores,CO,37.7515977,-108.5172212,POINT (-108.5172212 37.7515977)
532,532,Flat Rock Brewing Company,Smithton,PA,40.1539613,-79.7411535,POINT (-79.7411535 40.1539613)
533,533,Abita Brewing Company,Abita Springs,LA,30.47864,-90.04008,POINT (-90.04008 30.47864)
534,534,Mammoth Brewing Company,Mammoth Lakes,CA,37.6238225,-118.8395746,POINT (-118.8395746 37.6238225)
535,535,Harvest Moon Brewing Company,Belt,MT,47.386077,-110.925513,POINT (-110.925513 47.386077)
536,536,Grand Canyon Brewing Company,Williams,AZ,35.2494566,-112.1910031,POINT (-112.1910031 35.2494566)
537,537,Lewis and Clark Brewing Company,Helena,MT,46.5927122,-112.036109,POINT (-112.036109 46.5927122)
538,538,Dundee Brewing Company,Rochester,NY,43.1547845,-77.6155568,POINT (-77.61555679999999 43.1547845)
539,539,Twin Lakes Brewing Company,Greenville,DE,34.8526176,-82.3940105,POINT (-82.39401049999999 34.8526176)
540,540,Mother Earth Brewing Company,Kinston,NC,35.2626635,-77.5816353,POINT (-77.5816353 35.2626635)
541,541,Arcadia Brewing Company,Battle Creek,MI,42.3173,-85.17816,POINT (-85.17816000000001 42.3173)
542,542,Angry Minnow Brewing Company,Hayward,WI,46.0130065,-91.4846208,POINT (-91.4846208 46.0130065)
543,543,Great Northern Brewing Company,Whitefish,MT,48.4110757,-114.3376334,POINT (-114.3376334 48.4110757)
544,544,Pyramid Breweries,Seattle,WA,47.6062095,-122.3320708,POINT (-122.3320708 47.6062095)
545,545,Lancaster Brewing Company,Lancaster,PA,40.0378755,-76.3055144,POINT (-76.30551440000001 40.0378755)
546,546,Upstate Brewing Company,Elmira,NY,42.0897965,-76.8077338,POINT (-76.80773379999999 42.0897965)
547,547,Moat Mountain Smoke House & Brew...,North Conway,NH,43.9792376,-71.1203476,POINT (-71.1203476 43.9792376)
548,548,Prescott Brewing Company,Prescott,AZ,34.599844436687825,-112.55373566997312,POINT (-112.5537356699731 34.59984443668782)
549,549,Mogollon Brewing Company,Flagstaff,AZ,35.1980671,-111.6512725,POINT (-111.6512725 35.1980671)
550,550,Wind River Brewing Company,Pinedale,WY,42.8666103,-109.8609864,POINT (-109.8609864 42.8666103)
551,551,Silverton Brewery,Silverton,CO,37.811941,-107.6645057,POINT (-107.6645057 37.811941)
552,552,Mickey Finn's Brewery,Libertyville,IL,42.2830786,-87.9531303,POINT (-87.9531303 42.2830786)
553,553,Covington Brewhouse,Covington,LA,31.00518,-86.3280018,POINT (-86.3280018 31.00518)
554,554,Dave's Brewfarm,Wilson,WI,44.9535753,-92.1735179,POINT (-92.17351789999999 44.9535753)
555,555,Ukiah Brewing Company,Ukiah,CA,39.43362381528912,-123.4315539046526,POINT (-123.4315539046526 39.43362381528912)
556,556,Butternuts Beer and Ale,Garrattsville,NY,42.6472968,-75.1718306,POINT (-75.17183060000001 42.6472968)
557,557,Sleeping Lady Brewing Company,Anchorage,AK,61.2180556,-149.9002778,POINT (-149.9002778 61.2180556)
